,出現数,出現率
RIN world,13,0.09923664122137404
スタジオレイン,7,0.05343511450381679
072LABO,6,0.04580152671755725
テグラユウキ,5,0.03816793893129771
へーどねー,4,0.030534351145038167
ドダメ屋さん,3,0.022900763358778626
amoroso,3,0.022900763358778626
サキュネス,3,0.022900763358778626
ドM女史団,3,0.022900763358778626
ナンネット,3,0.022900763358778626
荘ノヴァ,3,0.022900763358778626
WHITE RIBBON,2,0.015267175572519083
Sumikko Circle,2,0.015267175572519083
さいおん,2,0.015267175572519083
耳セレブ,2,0.015267175572519083
Dream or Real,2,0.015267175572519083
R&amp;W,2,0.015267175572519083
アルファートリル,2,0.015267175572519083
パステル*スノウ,2,0.015267175572519083
思叫堂～ロア～,2,0.015267175572519083
暗黒あずまや,1,0.007633587786259542
ここどこ,1,0.007633587786259542
因果交流電燈,1,0.007633587786259542
ベノムギフト,1,0.007633587786259542
とらんぷかーど,1,0.007633587786259542
Cipher,1,0.007633587786259542
Mistless Piece,1,0.007633587786259542
しましま亭,1,0.007633587786259542
プルシアン ブルー,1,0.007633587786259542
アンスリウム,1,0.007633587786259542
BELL Plant,1,0.007633587786259542
足跡の水たまり,1,0.007633587786259542
ゆとりえっくす,1,0.007633587786259542
しゅがぁそると,1,0.007633587786259542
でぶり,1,0.007633587786259542
ムーンシェイド,1,0.007633587786259542
Le château de &quot;NTRじ&quot;,1,0.007633587786259542
aromatic girl,1,0.007633587786259542
夢想界,1,0.007633587786259542
天然シリコン,1,0.007633587786259542
狐屋本舗,1,0.007633587786259542
Angel Whistle,1,0.007633587786259542
煩悩ストラテジ,1,0.007633587786259542
おっさんはうす,1,0.007633587786259542
桃月庵,1,0.007633587786259542
ナガレ亭,1,0.007633587786259542
ふろむひだか,1,0.007633587786259542
調教少女,1,0.007633587786259542
冷凍庫/freezer,1,0.007633587786259542
rain,1,0.007633587786259542
からすとうさぎ,1,0.007633587786259542
USA WORKS,1,0.007633587786259542
尊妹,1,0.007633587786259542
ワサビ屋,1,0.007633587786259542
インゴヒゴ,1,0.007633587786259542
ルヒー出版,1,0.007633587786259542
ちゅぱちゅぱカンパニー,1,0.007633587786259542
にるばーにゃ,1,0.007633587786259542
サイコすまいりんぐショウ,1,0.007633587786259542
ディーブルスト,1,0.007633587786259542
High Island,1,0.007633587786259542
なまこ飯店,1,0.007633587786259542
M-STUDIO,1,0.007633587786259542
お姉さん専科「えるてら」,1,0.007633587786259542
できることなら,1,0.007633587786259542
ネイティファス,1,0.007633587786259542
紙芝居屋さん十八軒目,1,0.007633587786259542
LuvC&#039;d,1,0.007633587786259542
ぺーるとーんれいんぼぅすたー,1,0.007633587786259542
メロイック,1,0.007633587786259542
オミ・オクル,1,0.007633587786259542
えとつな,1,0.007633587786259542
シルトクレーテ,1,0.007633587786259542
めがみそふと,1,0.007633587786259542
黒月堂,1,0.007633587786259542
カラメル・メール,1,0.007633587786259542
"Hello,Sound!!",1,0.007633587786259542
谷奥の蛙,1,0.007633587786259542
なつこん,1,0.007633587786259542
スクィーズ,1,0.007633587786259542
