,1
バイノーラル,0.2616279069767442
耳,0.18023255813953487
音声,0.12209302325581395
100,0.12209302325581395
KU,0.11627906976744186
メイド,0.0872093023255814
JK,0.0755813953488372
さん,0.0755813953488372
射精,0.06976744186046512
姉,0.06976744186046512
ちゃん,0.06976744186046512
耳かき,0.06395348837209303
様,0.05813953488372093
妹,0.05813953488372093
サキュバス,0.05232558139534884
エッチ,0.05232558139534884
2,0.05232558139534884
化,0.05232558139534884
系,0.05232558139534884
性,0.046511627906976744
手,0.046511627906976744
君,0.046511627906976744
花,0.040697674418604654
CV,0.040697674418604654
セックス,0.040697674418604654
姉妹,0.040697674418604654
彼女,0.040697674418604654
えっち,0.040697674418604654
amp,0.040697674418604654
涼,0.040697674418604654
俺,0.03488372093023256
作品,0.03488372093023256
少女,0.03488372093023256
あなた,0.03488372093023256
コキ,0.03488372093023256
処理,0.03488372093023256
収録,0.03488372093023256
ビッチ,0.029069767441860465
3,0.029069767441860465
生活,0.029069767441860465
主人,0.029069767441860465
金,0.029069767441860465
シコ,0.029069767441860465
奉仕,0.029069767441860465
人,0.029069767441860465
娘,0.029069767441860465
イチャラブ,0.029069767441860465
ASMR,0.029069767441860465
おしっこ,0.029069767441860465
フォーリー,0.029069767441860465
淫乱,0.029069767441860465
逆,0.029069767441860465
ふたなり,0.023255813953488372
年下,0.023255813953488372
魔法,0.023255813953488372
悪魔,0.023255813953488372
僕,0.023255813953488372
催眠,0.023255813953488372
囁き,0.023255813953488372
添い寝,0.023255813953488372
中,0.023255813953488372
幼馴染,0.023255813953488372
リアル,0.023255813953488372
搾精,0.023255813953488372
猫,0.023255813953488372
シスター,0.023255813953488372
癒し,0.023255813953488372
ハイレゾ,0.023255813953488372
フェラ,0.023255813953488372
オナニー,0.023255813953488372
寄生,0.023255813953488372
コース,0.023255813953488372
同人,0.023255813953488372
サービス,0.023255813953488372
後輩,0.023255813953488372
転換,0.023255813953488372
乳首,0.023255813953488372
ささやき,0.023255813953488372
ロリ,0.023255813953488372
巨乳,0.023255813953488372
話,0.023255813953488372
ドル,0.023255813953488372
筆,0.023255813953488372
女体,0.01744186046511628
ハイレ,0.01744186046511628
ギャル,0.01744186046511628
サウンド,0.01744186046511628
純愛,0.01744186046511628
女子,0.01744186046511628
おろし,0.01744186046511628
たち,0.01744186046511628
まくり,0.01744186046511628
桜,0.01744186046511628
編,0.01744186046511628
勇者,0.01744186046511628
褒美,0.01744186046511628
亭,0.01744186046511628
兄,0.01744186046511628
らぶ,0.01744186046511628
アイドル,0.01744186046511628
時間,0.01744186046511628
温泉,0.01744186046511628
パパ,0.01744186046511628
配信,0.01744186046511628
ラブ,0.01744186046511628
S,0.01744186046511628
先輩,0.01744186046511628
遥,0.01744186046511628
今日,0.01744186046511628
管理,0.01744186046511628
庵,0.01744186046511628
ダウナー,0.01744186046511628
ハメ,0.01744186046511628
円,0.01744186046511628
達,0.01744186046511628
莉,0.01744186046511628
H,0.01744186046511628
女の子,0.01744186046511628
特化,0.01744186046511628
処女,0.01744186046511628
教師,0.01744186046511628
ナース,0.01744186046511628
方言,0.01744186046511628
強制,0.01744186046511628
環境,0.01744186046511628
クラスメイト,0.01744186046511628
1,0.01744186046511628
分,0.01744186046511628
極,0.01744186046511628
天知,0.01744186046511628
秘密,0.01744186046511628
気持ち,0.01744186046511628
10,0.01744186046511628
幼なじみ,0.01744186046511628
責め,0.01744186046511628
NTR,0.011627906976744186
週間,0.011627906976744186
専属,0.011627906976744186
No,0.011627906976744186
握手,0.011627906976744186
作家,0.011627906976744186
正義,0.011627906976744186
ルーム,0.011627906976744186
仲居,0.011627906976744186
奴隷,0.011627906976744186
いろり,0.011627906976744186
刻,0.011627906976744186
応援,0.011627906976744186
ふたり,0.011627906976744186
男,0.011627906976744186
田舎,0.011627906976744186
風紀,0.011627906976744186
私,0.011627906976744186
コト,0.011627906976744186
メス,0.011627906976744186
甘,0.011627906976744186
猫耳,0.011627906976744186
催淫,0.011627906976744186
音質,0.011627906976744186
毎日,0.011627906976744186
300,0.011627906976744186
レイプ,0.011627906976744186
quot,0.011627906976744186
特権,0.011627906976744186
ホテル,0.011627906976744186
美,0.011627906976744186
事務,0.011627906976744186
転生,0.011627906976744186
夢,0.011627906976744186
貢ぎ,0.011627906976744186
発情,0.011627906976744186
円光,0.011627906976744186
世界,0.011627906976744186
世話,0.011627906976744186
感覚,0.011627906976744186
夜,0.011627906976744186
体験,0.011627906976744186
匂い,0.011627906976744186
ショタ,0.011627906976744186
音ゲー,0.011627906976744186
会,0.011627906976744186
会社,0.011627906976744186
ド,0.011627906976744186
ヒーリング,0.011627906976744186
疑似,0.011627906976744186
中毒,0.011627906976744186
貴方,0.011627906976744186
後,0.011627906976744186
どこ,0.011627906976744186
子作り,0.011627906976744186
わかば,0.011627906976744186
ぼく,0.011627906976744186
4,0.011627906976744186
星乃,0.011627906976744186
くす,0.011627906976744186
文,0.011627906976744186
虫,0.011627906976744186
生,0.011627906976744186
性欲,0.011627906976744186
委員,0.011627906976744186
姫,0.011627906976744186
本,0.011627906976744186
日,0.011627906976744186
波音,0.011627906976744186
場合,0.011627906976744186
恋,0.011627906976744186
魔物,0.011627906976744186
セフレ,0.011627906976744186
魔族,0.011627906976744186
レッスン,0.011627906976744186
トリップ,0.011627906976744186
ら,0.011627906976744186
和風,0.011627906976744186
Vol,0.011627906976744186
一,0.011627906976744186
オナ,0.011627906976744186
柚木,0.011627906976744186
衣,0.011627906976744186
顔,0.011627906976744186
かえで,0.011627906976744186
高貴,0.011627906976744186
学園,0.011627906976744186
表情,0.011627906976744186
朱莉,0.011627906976744186
秋野,0.011627906976744186
精液,0.011627906976744186
わかな,0.011627906976744186
棒,0.011627906976744186
利用,0.011627906976744186
姦,0.011627906976744186
安眠,0.011627906976744186
専用,0.011627906976744186
愛,0.011627906976744186
生徒,0.011627906976744186
超,0.011627906976744186
機械,0.011627906976744186
下ろし,0.011627906976744186
幼馴染み,0.011627906976744186
千,0.011627906976744186
快楽,0.011627906976744186
淫魔,0.011627906976744186
三昧,0.011627906976744186
目,0.005813953488372093
活動,0.005813953488372093
ちょうだい,0.005813953488372093
森下,0.005813953488372093
注射,0.005813953488372093
ユキ,0.005813953488372093
方法,0.005813953488372093
死,0.005813953488372093
セット,0.005813953488372093
パラダイス,0.005813953488372093
ドスケベビッチ,0.005813953488372093
なし,0.005813953488372093
罪,0.005813953488372093
再会,0.005813953488372093
射,0.005813953488372093
快感,0.005813953488372093
じ,0.005813953488372093
店,0.005813953488372093
トラック,0.005813953488372093
HERO,0.005813953488372093
無断,0.005813953488372093
白,0.005813953488372093
受付,0.005813953488372093
血,0.005813953488372093
体感,0.005813953488372093
Sound,0.005813953488372093
ナチュラル,0.005813953488372093
チェキ,0.005813953488372093
屋,0.005813953488372093
ラブラブ,0.005813953488372093
恋人,0.005813953488372093
プロデュース,0.005813953488372093
蜜,0.005813953488372093
ばん,0.005813953488372093
クズ,0.005813953488372093
甘えんぼ,0.005813953488372093
ネコココロ,0.005813953488372093
190,0.005813953488372093
精子,0.005813953488372093
わる,0.005813953488372093
失神,0.005813953488372093
有,0.005813953488372093
VOL,0.005813953488372093
異性,0.005813953488372093
ミュージック,0.005813953488372093
忍術,0.005813953488372093
褒め,0.005813953488372093
AV,0.005813953488372093
if,0.005813953488372093
チョコ,0.005813953488372093
アヤカシ,0.005813953488372093
合意,0.005813953488372093
W,0.005813953488372093
友達,0.005813953488372093
監禁,0.005813953488372093
デート,0.005813953488372093
いじ,0.005813953488372093
無垢,0.005813953488372093
SUMMER,0.005813953488372093
実験,0.005813953488372093
ねだり,0.005813953488372093
トロ,0.005813953488372093
百合,0.005813953488372093
ヌキ,0.005813953488372093
シチュ,0.005813953488372093
家庭,0.005813953488372093
二人,0.005813953488372093
種,0.005813953488372093
ツイート,0.005813953488372093
蹴り,0.005813953488372093
葵,0.005813953488372093
熟女,0.005813953488372093
メスガキダークエルフ,0.005813953488372093
ここ,0.005813953488372093
楓,0.005813953488372093
メン,0.005813953488372093
×JK,0.005813953488372093
哀れ,0.005813953488372093
仲直り,0.005813953488372093
家,0.005813953488372093
前後,0.005813953488372093
ベイビー,0.005813953488372093
AI,0.005813953488372093
天使,0.005813953488372093
部屋,0.005813953488372093
みちる,0.005813953488372093
引き,0.005813953488372093
ユメゾノ,0.005813953488372093
M,0.005813953488372093
シゴト,0.005813953488372093
作,0.005813953488372093
童子,0.005813953488372093
F,0.005813953488372093
仲良し,0.005813953488372093
零,0.005813953488372093
まこと,0.005813953488372093
素材,0.005813953488372093
巻,0.005813953488372093
アプリ,0.005813953488372093
学年,0.005813953488372093
ちんぽ,0.005813953488372093
ヘッド,0.005813953488372093
言葉,0.005813953488372093
イチャ,0.005813953488372093
デリヘル,0.005813953488372093
録音,0.005813953488372093
ブースト,0.005813953488372093
プレイ,0.005813953488372093
屋敷,0.005813953488372093
つまみ食い,0.005813953488372093
drain,0.005813953488372093
メスイキアクメ,0.005813953488372093
ヌキフレ,0.005813953488372093
勃起,0.005813953488372093
校則,0.005813953488372093
色仕掛け,0.005813953488372093
ヒロイン,0.005813953488372093
体質,0.005813953488372093
出演,0.005813953488372093
After,0.005813953488372093
クリップ,0.005813953488372093
セクシャル,0.005813953488372093
いちゃ,0.005813953488372093
生理,0.005813953488372093
ストーリー,0.005813953488372093
罠,0.005813953488372093
TS,0.005813953488372093
受精,0.005813953488372093
先生,0.005813953488372093
富山,0.005813953488372093
極上,0.005813953488372093
Harmonious,0.005813953488372093
レンタル,0.005813953488372093
恋愛,0.005813953488372093
営業,0.005813953488372093
レビュキャンペーン,0.005813953488372093
名月,0.005813953488372093
by,0.005813953488372093
美脚,0.005813953488372093
コスプレオフパコ,0.005813953488372093
戦隊,0.005813953488372093
嬢,0.005813953488372093
のどか,0.005813953488372093
誘惑,0.005813953488372093
ゼロ,0.005813953488372093
栞,0.005813953488372093
同梱,0.005813953488372093
職人,0.005813953488372093
白眼,0.005813953488372093
しり,0.005813953488372093
倍,0.005813953488372093
フェラチオ,0.005813953488372093
ヘラ,0.005813953488372093
旅行,0.005813953488372093
with,0.005813953488372093
スケベ,0.005813953488372093
ラボ,0.005813953488372093
舌,0.005813953488372093
太もも,0.005813953488372093
記念,0.005813953488372093
関係,0.005813953488372093
VS,0.005813953488372093
売り子,0.005813953488372093
交尾,0.005813953488372093
ぐらし,0.005813953488372093
ざんまい,0.005813953488372093
cm,0.005813953488372093
双子,0.005813953488372093
子犬,0.005813953488372093
ザ,0.005813953488372093
仕事,0.005813953488372093
デリバリー,0.005813953488372093
爆乳,0.005813953488372093
ダウンロード,0.005813953488372093
得,0.005813953488372093
セク,0.005813953488372093
フルボ,0.005813953488372093
オフ,0.005813953488372093
鞭打ち,0.005813953488372093
ノイズ,0.005813953488372093
新作,0.005813953488372093
銀,0.005813953488372093
嫉妬,0.005813953488372093
ッコ,0.005813953488372093
おかげ,0.005813953488372093
祝福,0.005813953488372093
おち,0.005813953488372093
ひな,0.005813953488372093
cupid,0.005813953488372093
媚薬,0.005813953488372093
麦,0.005813953488372093
羅,0.005813953488372093
さ,0.005813953488372093
でら,0.005813953488372093
献身,0.005813953488372093
ドスケベ,0.005813953488372093
シャワー,0.005813953488372093
カフェ,0.005813953488372093
初,0.005813953488372093
6,0.005813953488372093
チュー,0.005813953488372093
弁,0.005813953488372093
暴走,0.005813953488372093
ママ,0.005813953488372093
ドリーム,0.005813953488372093
方,0.005813953488372093
BGM,0.005813953488372093
冬,0.005813953488372093
一日,0.005813953488372093
出会い,0.005813953488372093
抜き,0.005813953488372093
契約,0.005813953488372093
セーブ,0.005813953488372093
ビリ,0.005813953488372093
夢見,0.005813953488372093
可,0.005813953488372093
クロエ,0.005813953488372093
生態,0.005813953488372093
孤独,0.005813953488372093
ラブホ,0.005813953488372093
会長,0.005813953488372093
ガキ,0.005813953488372093
嫁,0.005813953488372093
あと,0.005813953488372093
長身,0.005813953488372093
TEMPTATION,0.005813953488372093
ボク,0.005813953488372093
音楽,0.005813953488372093
研究,0.005813953488372093
更新,0.005813953488372093
雪娘,0.005813953488372093
98,0.005813953488372093
ゴト,0.005813953488372093
キャンプ,0.005813953488372093
半,0.005813953488372093
女,0.005813953488372093
アナル,0.005813953488372093
しもべ,0.005813953488372093
レズ,0.005813953488372093
員,0.005813953488372093
テンプテーション,0.005813953488372093
ラブラブパコ,0.005813953488372093
上手,0.005813953488372093
絶頂,0.005813953488372093
前,0.005813953488372093
イヤー,0.005813953488372093
コスプレ,0.005813953488372093
×BADEND,0.005813953488372093
ホワイト,0.005813953488372093
最低,0.005813953488372093
幽霊,0.005813953488372093
年齢,0.005813953488372093
伝,0.005813953488372093
推薦,0.005813953488372093
ボイス,0.005813953488372093
金髪,0.005813953488372093
ウワサ,0.005813953488372093
ヤン,0.005813953488372093
基地,0.005813953488372093
原作,0.005813953488372093
OK,0.005813953488372093
ネーション,0.005813953488372093
二,0.005813953488372093
密着,0.005813953488372093
愛憎,0.005813953488372093
夢精,0.005813953488372093
五,0.005813953488372093
キメセク,0.005813953488372093
本日,0.005813953488372093
J,0.005813953488372093
いじめ,0.005813953488372093
ケンカ,0.005813953488372093
オタ,0.005813953488372093
堅物,0.005813953488372093
誌,0.005813953488372093
ハーレム,0.005813953488372093
陽,0.005813953488372093
飲み会,0.005813953488372093
痴女,0.005813953488372093
アレ,0.005813953488372093
おっぱい,0.005813953488372093
いき,0.005813953488372093
モノ,0.005813953488372093
ベッド,0.005813953488372093
距離,0.005813953488372093
字幕,0.005813953488372093
貞操,0.005813953488372093
軟弱,0.005813953488372093
みくり,0.005813953488372093
珠玉,0.005813953488372093
ナマ,0.005813953488372093
さまぁ,0.005813953488372093
きみ,0.005813953488372093
デイ,0.005813953488372093
絵本,0.005813953488372093
etc,0.005813953488372093
処,0.005813953488372093
新婚,0.005813953488372093
今,0.005813953488372093
体,0.005813953488372093
ver,0.005813953488372093
隠れ宿,0.005813953488372093
ち,0.005813953488372093
西浦,0.005813953488372093
オーガズム,0.005813953488372093
帰り,0.005813953488372093
クワドラサマーハーレム,0.005813953488372093
シーフ,0.005813953488372093
T,0.005813953488372093
オナサポミュージック,0.005813953488372093
調教,0.005813953488372093
近親,0.005813953488372093
パステル,0.005813953488372093
なつやすみ,0.005813953488372093
C,0.005813953488372093
頭,0.005813953488372093
おね,0.005813953488372093
くん,0.005813953488372093
OL,0.005813953488372093
買い得,0.005813953488372093
首吊り,0.005813953488372093
ほろ酔い,0.005813953488372093
説明,0.005813953488372093
同棲,0.005813953488372093
一緒,0.005813953488372093
Sweet,0.005813953488372093
ソープ,0.005813953488372093
からくり,0.005813953488372093
援交,0.005813953488372093
クリ,0.005813953488372093
スノウ,0.005813953488372093
在宅,0.005813953488372093
気まぐれ,0.005813953488372093
童話,0.005813953488372093
睡眠,0.005813953488372093
腹黒,0.005813953488372093
制限,0.005813953488372093
バツイチ,0.005813953488372093
30,0.005813953488372093
ダブル,0.005813953488372093
質問,0.005813953488372093
テレパス,0.005813953488372093
ねえ,0.005813953488372093
いとこ,0.005813953488372093
Absolute,0.005813953488372093
わけ,0.005813953488372093
相姦,0.005813953488372093
中止,0.005813953488372093
記憶,0.005813953488372093
祈,0.005813953488372093
バレンタイン,0.005813953488372093
積極,0.005813953488372093
幸せ,0.005813953488372093
DREAMS,0.005813953488372093
ヒーロー,0.005813953488372093
cv,0.005813953488372093
SM,0.005813953488372093
キス,0.005813953488372093
ベロ,0.005813953488372093
立体,0.005813953488372093
付き,0.005813953488372093
エネルギー,0.005813953488372093
撮影,0.005813953488372093
両耳,0.005813953488372093
うち,0.005813953488372093
日間,0.005813953488372093
強化,0.005813953488372093
スワッピング,0.005813953488372093
音,0.005813953488372093
キメ,0.005813953488372093
ごっこ,0.005813953488372093
サイン,0.005813953488372093
DVD,0.005813953488372093
逆転,0.005813953488372093
エロ,0.005813953488372093
電車,0.005813953488372093
部,0.005813953488372093
遊び,0.005813953488372093
癒やし,0.005813953488372093
天国,0.005813953488372093
店員,0.005813953488372093
album,0.005813953488372093
こたつ,0.005813953488372093
Feel,0.005813953488372093
薬,0.005813953488372093
子,0.005813953488372093
シスターズ,0.005813953488372093
性活,0.005813953488372093
彼氏,0.005813953488372093
Whisper,0.005813953488372093
マゾチ,0.005813953488372093
喫茶,0.005813953488372093
振動,0.005813953488372093
ご飯,0.005813953488372093
指導,0.005813953488372093
放課,0.005813953488372093
撫乳,0.005813953488372093
連続,0.005813953488372093
溺愛,0.005813953488372093
眠,0.005813953488372093
赤ちゃん,0.005813953488372093
物語,0.005813953488372093
オナホコキ,0.005813953488372093
ちんちん,0.005813953488372093
Serenity,0.005813953488372093
12,0.005813953488372093
佐藤,0.005813953488372093
パンツ,0.005813953488372093
触手,0.005813953488372093
敗北,0.005813953488372093
P,0.005813953488372093
餌,0.005813953488372093
以上,0.005813953488372093
痴漢,0.005813953488372093
版,0.005813953488372093
忍法,0.005813953488372093
ウラ,0.005813953488372093
育,0.005813953488372093
昼,0.005813953488372093
サポ,0.005813953488372093
Foley,0.005813953488372093
新米,0.005813953488372093
Way,0.005813953488372093
ぜーんぶ,0.005813953488372093
我慢,0.005813953488372093
アクアリウム,0.005813953488372093
音響,0.005813953488372093
ゲット,0.005813953488372093
トイレ,0.005813953488372093
新妻,0.005813953488372093
風呂,0.005813953488372093
こと,0.005813953488372093
専門,0.005813953488372093
おさななじみ,0.005813953488372093
声優,0.005813953488372093
隣,0.005813953488372093
ユートピア,0.005813953488372093
デレ,0.005813953488372093
詰め合わせ,0.005813953488372093
produced,0.005813953488372093
腰,0.005813953488372093
タピオカ,0.005813953488372093
文学,0.005813953488372093
イチャラブセックス,0.005813953488372093
オタク,0.005813953488372093
ゲーム,0.005813953488372093
HeroinesNightmare,0.005813953488372093
検査,0.005813953488372093
七,0.005813953488372093
立花,0.005813953488372093
オレ,0.005813953488372093
里咲,0.005813953488372093
懺悔,0.005813953488372093
係,0.005813953488372093
山行き,0.005813953488372093
新人,0.005813953488372093
脈,0.005813953488372093
ダム,0.005813953488372093
機嫌,0.005813953488372093
ベタ褒め,0.005813953488372093
人妻,0.005813953488372093
コミック,0.005813953488372093
弟,0.005813953488372093
向,0.005813953488372093
るす,0.005813953488372093
はりきり,0.005813953488372093
母,0.005813953488372093
社長,0.005813953488372093
牢獄,0.005813953488372093
曜,0.005813953488372093
憑依,0.005813953488372093
教え子,0.005813953488372093
プロデューサ,0.005813953488372093
からかい,0.005813953488372093
長,0.005813953488372093
イチモツ,0.005813953488372093
候補,0.005813953488372093
本番,0.005813953488372093
ろ,0.005813953488372093
絶対,0.005813953488372093
ソロ,0.005813953488372093
連動,0.005813953488372093
音録り,0.005813953488372093
誘導,0.005813953488372093
普段,0.005813953488372093
イジ,0.005813953488372093
警護,0.005813953488372093
ふ,0.005813953488372093
教育,0.005813953488372093
バーチャル,0.005813953488372093
満員,0.005813953488372093
争奪,0.005813953488372093
汗だく,0.005813953488372093
手伝い,0.005813953488372093
ダミー,0.005813953488372093
姿,0.005813953488372093
飼殺し,0.005813953488372093
ワル,0.005813953488372093
とろ,0.005813953488372093
理想,0.005813953488372093
狂愛,0.005813953488372093
st,0.005813953488372093
ガンギマリ,0.005813953488372093
サー,0.005813953488372093
大量,0.005813953488372093
転載,0.005813953488372093
色,0.005813953488372093
mini,0.005813953488372093
RADIO,0.005813953488372093
本舗,0.005813953488372093
洗脳,0.005813953488372093
からっぽ,0.005813953488372093
禁断,0.005813953488372093
祭,0.005813953488372093
さま,0.005813953488372093
ワン,0.005813953488372093
9,0.005813953488372093
パコ,0.005813953488372093
Out,0.005813953488372093
